ID,full_path,gender,face_score,second_face_score
1,['1.png'],1.0,2.6456394971903463,1.9492479052091165
3,['3.png'],1.0,5.471801208431188,
4,['4.png'],1.0,3.582895142316236,
5,['5.png'],1.0,1.529253690897033,
6,['6.png'],1.0,1.2417392827567628,
7,['7.png'],1.0,2.509151227708484,
12,['12.png'],0.0,2.4545807247172404,1.5860082012128869
13,['13.png'],1.0,4.051740356856393,
15,['15.png'],1.0,4.220681601373731,
16,['16.png'],0.0,1.995066231148596,
17,['17.png'],1.0,2.3057012211694663,
19,['19.png'],1.0,1.969711814281344,
20,['20.png'],1.0,2.6687054012433866,
22,['22.png'],1.0,2.987884425224711,
23,['23.png'],1.0,3.8483106571354897,
24,['24.png'],1.0,3.816553232964439,
25,['25.png'],1.0,4.275275380982565,
26,['26.png'],1.0,2.640988011134269,
27,['27.png'],1.0,3.6189173938354737,
28,['28.png'],1.0,3.4129591146549294,
30,['30.png'],1.0,4.558204761091402,
31,['31.png'],1.0,2.325444943134799,
32,['32.png'],1.0,4.341224980663431,
35,['35.png'],1.0,2.400037679404462,
36,['36.png'],0.0,1.8376989967403417,
37,['37.png'],0.0,2.484187080219665,
38,['38.png'],1.0,3.432504929958722,
40,['40.png'],1.0,1.2340072679660503,
41,['41.png'],1.0,1.225125978160245,
42,['42.png'],1.0,2.336062930078401,
44,['44.png'],1.0,1.6281000748336367,
46,['46.png'],0.0,3.315017736058558,
48,['48.png'],1.0,1.1064098577897292,
49,['49.png'],1.0,3.824989823152442,
53,['53.png'],0.0,3.159034771921178,
54,['54.png'],1.0,3.815568283571412,
55,['55.png'],1.0,4.061313399264887,
56,['56.png'],0.0,5.082325353202322,
57,['57.png'],1.0,2.2288249523313057,
58,['58.png'],1.0,2.719889388484132,
61,['61.png'],1.0,2.294342838008607,
62,['62.png'],1.0,1.3478580372711697,
63,['63.png'],0.0,3.6785304366426375,
64,['64.png'],1.0,4.68016669533267,
65,['65.png'],1.0,3.022376940747745,
66,['66.png'],1.0,1.261793460273308,
68,['68.png'],1.0,3.282339966109841,
69,['69.png'],0.0,5.31794710381462,
70,['70.png'],1.0,3.743403042555216,
71,['71.png'],0.0,4.724634554691045,
72,['72.png'],1.0,3.9027214064725424,
73,['73.png'],1.0,0.960499427652092,
74,['74.png'],0.0,0.8758710239673952,
75,['75.png'],0.0,3.331667774259574,
76,['76.png'],0.0,6.156541318355052,
77,['77.png'],0.0,4.603694776143352,
79,['79.png'],0.0,2.967615859301349,
80,['80.png'],1.0,2.8836093674531686,1.3774717666708085
81,['81.png'],1.0,2.998513075308721,
82,['82.png'],0.0,4.235504880219354,
84,['84.png'],0.0,5.389449655721863,
85,['85.png'],1.0,3.748922177340917,
87,['87.png'],1.0,3.4732901720512688,
88,['88.png'],1.0,3.771601143906872,
89,['89.png'],1.0,2.283113351295511,
90,['90.png'],0.0,3.4172251146703783,
91,['91.png'],1.0,2.638269923436522,
92,['92.png'],1.0,2.203003204113276,
93,['93.png'],0.0,2.338632452417321,
94,['94.png'],1.0,4.539516503638218,
95,['95.png'],0.0,5.512909897983657,
96,['96.png'],0.0,3.618484519323916,0.8111914573373371
97,['97.png'],1.0,4.826052202339086,
98,['98.png'],0.0,3.245248577215448,
100,['100.png'],1.0,2.9168909571149744,1.0036405724728488
101,['101.png'],0.0,3.052833369165733,
102,['102.png'],0.0,5.328531553301454,
103,['103.png'],1.0,1.9762693089816472,
105,['105.png'],1.0,2.200151934910659,2.0933624162179387
110,['110.png'],0.0,3.100310049415018,
111,['111.png'],1.0,3.494834146220016,
112,['112.png'],1.0,4.86683172439495,1.511005983940974
113,['113.png'],0.0,3.8575223860211887,
114,['114.png'],1.0,3.488716004854598,
116,['116.png'],1.0,1.4459932692404245,
117,['117.png'],,2.7644661940525586,
118,['118.png'],0.0,3.909337468959284,
119,['119.png'],1.0,3.412095403479734,2.572706429130496
120,['120.png'],1.0,2.777944012115608,
121,['121.png'],0.0,4.662511899721535,
124,['124.png'],1.0,3.991469811942992,
125,['125.png'],1.0,4.270359641886014,
126,['126.png'],1.0,5.448109914958905,
127,['127.png'],1.0,4.014903825816982,
128,['128.png'],0.0,1.9065270510791703,
129,['129.png'],0.0,2.4332595728321547,
130,['130.png'],1.0,2.583994457800853,
131,['131.png'],1.0,2.448031754903675,
132,['132.png'],1.0,-inf,
134,['134.png'],1.0,3.6107499688607567,
135,['135.png'],1.0,2.3571995811532296,
136,['136.png'],1.0,2.014781068765216,
137,['137.png'],1.0,1.2972464964192476,
138,['138.png'],0.0,5.025564299714512,
140,['140.png'],1.0,1.1541877905307,
141,['141.png'],1.0,1.6491939122383057,
142,['142.png'],1.0,3.1236534824791464,
144,['144.png'],1.0,2.82540772234933,
145,['145.png'],0.0,3.318978816458699,
146,['146.png'],0.0,5.891208859136423,
147,['147.png'],1.0,4.732978333920793,
149,['149.png'],1.0,1.962984385283992,
150,['150.png'],1.0,2.073229887662041,
153,['153.png'],0.0,1.7932327872214164,
154,['154.png'],1.0,3.2132495904184672,
155,['155.png'],1.0,3.180870032811379,
158,['158.png'],0.0,3.37448874585316,
160,['160.png'],0.0,5.228507315941451,
161,['161.png'],1.0,2.777174148002441,1.56506444021521
162,['162.png'],1.0,2.7272250447487303,
163,['163.png'],1.0,1.9926389860821536,
164,['164.png'],1.0,4.907826159663858,
165,['165.png'],1.0,2.057269099305386,
166,['166.png'],0.0,4.7934194708204485,
167,['167.png'],1.0,3.717602612597045,
169,['169.png'],1.0,1.5176633720798829,
171,['171.png'],1.0,1.7882716747098724,
172,['172.png'],1.0,4.830840006116999,
173,['173.png'],1.0,2.736991045611992,
175,['175.png'],1.0,1.8545260679569524,
176,['176.png'],0.0,3.767253369946792,
177,['177.png'],1.0,3.5354177592297384,
178,['178.png'],1.0,4.450667854478578,
179,['179.png'],1.0,1.3429194454818236,
180,['180.png'],1.0,5.111106841146079,
181,['181.png'],1.0,4.788469494029756,
183,['183.png'],1.0,1.6785044852489377,
184,['184.png'],1.0,1.6428217065076298,
185,['185.png'],1.0,5.332525900365077,2.968038248712197
186,['186.png'],1.0,1.143661874099268,
187,['187.png'],0.0,4.478358757952859,
188,['188.png'],1.0,3.082734480613986,3.053754855682663
189,['189.png'],1.0,1.2088855967238867,
192,['192.png'],1.0,4.105186857186747,
194,['194.png'],1.0,5.194902850029379,
197,['197.png'],0.0,5.254021749415065,
198,['198.png'],1.0,1.1746248808714066,
199,['199.png'],,4.107963182415506,
200,['200.png'],1.0,2.8772749235276627,
201,['201.png'],1.0,5.151701847141738,
202,['202.png'],1.0,2.8165688710946024,
203,['203.png'],1.0,3.82383197349677,
206,['206.png'],1.0,3.262758774268093,1.38446582101017
207,['207.png'],1.0,2.1106361357359416,
208,['208.png'],1.0,-inf,
209,['209.png'],1.0,1.809584909212004,
211,['211.png'],1.0,1.0172649850453248,
214,['214.png'],1.0,1.0005241591063283,
215,['215.png'],1.0,3.745841994353332,
216,['216.png'],1.0,5.240326465493,
217,['217.png'],0.0,3.3169815915507663,
218,['218.png'],0.0,5.811256678624958,
220,['220.png'],1.0,3.7491617205092367,
221,['221.png'],1.0,3.067368398288358,
223,['223.png'],1.0,2.7099291106437784,
225,['225.png'],1.0,3.9130720384401743,
226,['226.png'],1.0,3.768787268449629,
228,['228.png'],1.0,2.3141928915314494,
229,['229.png'],1.0,3.652564138900943,
230,['230.png'],1.0,3.465577448211692,
231,['231.png'],1.0,1.9687286344266752,1.0305775664801655
232,['232.png'],1.0,3.414928999122811,2.191863104526404
234,['234.png'],1.0,3.0104782262278915,
239,['239.png'],0.0,2.197850319164873,
241,['241.png'],0.0,3.4929276779393605,
242,['242.png'],0.0,1.7195625023198673,
243,['243.png'],0.0,2.362734307447119,
244,['244.png'],0.0,0.7705959965432561,
245,['245.png'],1.0,4.081249561317179,
246,['246.png'],1.0,2.1806126103346446,
247,['247.png'],1.0,3.633788568761749,
249,['249.png'],1.0,4.259302635164055,
250,['250.png'],1.0,1.5288907368091784,
251,['251.png'],1.0,2.785325755402769,
253,['253.png'],1.0,3.539080667430525,
254,['254.png'],1.0,2.743733004216568,
255,['255.png'],0.0,2.651096305281577,1.7615487414729296
256,['256.png'],0.0,4.635516995287405,
260,['260.png'],1.0,4.75269150251165,
261,['261.png'],1.0,4.072117671706497,
263,['263.png'],1.0,2.0748128229598164,
265,['265.png'],1.0,5.549120072452116,
267,['267.png'],0.0,5.229099992128242,
268,['268.png'],0.0,3.807137819017736,
269,['269.png'],1.0,3.8095425888064,
270,['270.png'],1.0,2.6776500812595447,
271,['271.png'],1.0,2.399005360423103,
272,['272.png'],1.0,2.9167311774646967,
273,['273.png'],1.0,1.58051404569529,
274,['274.png'],0.0,3.820253067583546,
275,['275.png'],1.0,3.416041854392752,2.5450430547307104
276,['276.png'],1.0,3.898088864228271,2.7553957550428456
279,['279.png'],1.0,2.366094263878308,
280,['280.png'],1.0,2.942614556975093,
281,['281.png'],0.0,5.91687784198985,
283,['283.png'],1.0,3.5549093497218416,
284,['284.png'],1.0,3.9650829255672537,
286,['286.png'],1.0,2.6902361720386576,
287,['287.png'],1.0,4.690242820824437,3.777944913261861
289,['289.png'],1.0,5.514613317742117,
291,['291.png'],0.0,2.252332467939685,
292,['292.png'],1.0,3.806196659518695,
295,['295.png'],1.0,4.455518486116939,
297,['297.png'],0.0,4.618690973124097,
298,['298.png'],1.0,1.5099530343785263,
300,['300.png'],1.0,2.257257717171912,
301,['301.png'],0.0,0.9017325306046776,
302,['302.png'],0.0,4.493235283584973,
304,['304.png'],1.0,4.412284694080535,
305,['305.png'],0.0,5.61036717552381,
307,['307.png'],1.0,2.970066706487517,
308,['308.png'],1.0,5.4676297620726,
310,['310.png'],1.0,1.7818075358083838,
311,['311.png'],1.0,2.1758547473478846,
312,['312.png'],1.0,2.118268452024294,
314,['314.png'],1.0,3.711590836262333,
318,['318.png'],0.0,3.1661497742391367,
320,['320.png'],0.0,5.4419790595498325,
322,['322.png'],0.0,5.743197783138307,
323,['323.png'],1.0,3.446879571475033,
324,['324.png'],0.0,1.3818044070092612,
326,['326.png'],1.0,4.452382136767622,
330,['330.png'],1.0,4.107393855591338,
332,['332.png'],1.0,2.4635491914824894,
333,['333.png'],0.0,2.2616754549666056,
334,['334.png'],1.0,3.314863915118744,
335,['335.png'],1.0,2.924763128332596,
337,['337.png'],1.0,3.4427019418335605,
338,['338.png'],0.0,3.71233823755825,
339,['339.png'],0.0,3.8673159008730607,
341,['341.png'],1.0,1.9225799404545727,
342,['342.png'],1.0,1.9534330785231244,
344,['344.png'],1.0,2.381397599136622,
345,['345.png'],1.0,3.0772512079276453,
346,['346.png'],1.0,2.908596237895676,
347,['347.png'],1.0,2.177477557253461,
348,['348.png'],1.0,3.058327861333217,
349,['349.png'],1.0,2.196875341790572,2.108044333138613
350,['350.png'],1.0,4.776279800511604,
351,['351.png'],1.0,4.966629398113865,
353,['353.png'],0.0,4.712153713782558,
354,['354.png'],1.0,3.9049776902949,
355,['355.png'],1.0,1.1792113631773913,
356,['356.png'],0.0,3.730892241610219,
357,['357.png'],1.0,4.123129683731161,
358,['358.png'],1.0,4.693302354204228,
359,['359.png'],1.0,3.004349242460973,
361,['361.png'],1.0,4.812112300883116,
362,['362.png'],1.0,4.518323794356828,1.086713980671497
363,['363.png'],1.0,3.059641791713528,
364,['364.png'],1.0,1.8589658098473048,
365,['365.png'],1.0,3.2035005529868714,
366,['366.png'],1.0,2.726883294236476,
367,['367.png'],1.0,1.4104061091617155,
368,['368.png'],1.0,2.820371858581634,
369,['369.png'],1.0,2.412623710882314,
375,['375.png'],0.0,3.5453221114000115,
376,['376.png'],1.0,2.114671394874395,
378,['378.png'],1.0,2.305831334060071,1.3246550000184036
379,['379.png'],1.0,4.855464366721424,
380,['380.png'],1.0,2.4179640995904363,
381,['381.png'],1.0,5.273057944398628,
382,['382.png'],0.0,2.774861723214042,
384,['384.png'],0.0,1.5473300787640802,
385,['385.png'],0.0,5.315148231135055,
386,['386.png'],1.0,1.6946853191166582,
387,['387.png'],1.0,2.303949109384157,1.2568390040520876
388,['388.png'],1.0,0.8401265149980524,
389,['389.png'],0.0,4.873922397815593,
390,['390.png'],1.0,4.709173732240931,
391,['391.png'],0.0,5.618940311762781,
392,['392.png'],0.0,5.697544462756837,
394,['394.png'],0.0,1.2179802672500923,
395,['395.png'],1.0,5.313459217352999,
396,['396.png'],0.0,5.385880053104552,
398,['398.png'],1.0,3.9877471806209055,
400,['400.png'],0.0,2.422534432832048,
401,['401.png'],1.0,2.0096614380153435,
404,['404.png'],1.0,2.4121233306247385,
406,['406.png'],1.0,1.5180178917211855,
408,['408.png'],0.0,3.848080692315715,
409,['409.png'],1.0,3.83969147102786,
410,['410.png'],0.0,3.680097362755895,
411,['411.png'],1.0,1.843440716513313,
412,['412.png'],0.0,4.9269798692026585,
416,['416.png'],1.0,4.260680610164138,3.191854557399298
419,['419.png'],0.0,3.64268334013446,
420,['420.png'],1.0,2.9798913934683933,
423,['423.png'],0.0,2.8386242550734235,
424,['424.png'],1.0,2.9810027795016194,
425,['425.png'],1.0,1.7708454887077605,
426,['426.png'],1.0,3.4210665847733903,
427,['427.png'],1.0,1.33182265866762,
428,['428.png'],1.0,2.150341951415544,
429,['429.png'],1.0,3.880159959179392,2.1301271121953773
430,['430.png'],1.0,4.201084467314622,
431,['431.png'],1.0,1.793540510731169,
432,['432.png'],1.0,2.5279073038680435,
434,['434.png'],1.0,4.237809339216721,
435,['435.png'],1.0,2.473314873543419,
438,['438.png'],1.0,3.006603873399498,
440,['440.png'],1.0,1.2089310542822795,
441,['441.png'],,2.1875573296748687,
442,['442.png'],1.0,2.6433354301636376,
445,['445.png'],1.0,1.5407816330949509,
447,['447.png'],0.0,2.4903421062113456,2.2075621469490727
448,['448.png'],1.0,3.561233509816121,
449,['449.png'],1.0,4.265856719673565,3.893130193484727
450,['450.png'],0.0,3.896274323088049,
452,['452.png'],1.0,2.803308316647548,
453,['453.png'],1.0,0.8091735120074659,
454,['454.png'],0.0,4.230755236040516,
455,['455.png'],1.0,2.0362312898379664,
457,['457.png'],0.0,2.945822105776135,2.593965514442843
458,['458.png'],1.0,4.968847320487556,
459,['459.png'],0.0,4.989728626387869,
460,['460.png'],0.0,1.8850132478308128,
461,['461.png'],1.0,3.451994341369717,
462,['462.png'],0.0,1.2404812415601725,
463,['463.png'],1.0,3.716721140188995,
464,['464.png'],1.0,1.1209858727770206,
466,['466.png'],1.0,1.2193942242727145,
468,['468.png'],1.0,1.906910205057006,
470,['470.png'],1.0,2.3337697710535186,
472,['472.png'],1.0,1.840498041953972,
473,['473.png'],1.0,5.83327952564455,
474,['474.png'],0.0,3.454061472004487,2.8813495429592604
475,['475.png'],1.0,4.498962030435283,
476,['476.png'],0.0,3.2276466204053698,
477,['477.png'],1.0,3.086952598327396,
480,['480.png'],0.0,4.346249926405077,
481,['481.png'],1.0,4.47229356735682,
482,['482.png'],1.0,0.8553633383798391,
483,['483.png'],0.0,4.335355671569908,
484,['484.png'],1.0,2.8424409820945056,
485,['485.png'],1.0,1.2872932429811526,1.2210247969911454
486,['486.png'],1.0,1.5621752147572314,
487,['487.png'],1.0,2.280327197322286,
488,['488.png'],0.0,3.793432343303441,
490,['490.png'],1.0,3.247904632739273,
491,['491.png'],1.0,1.3412197637590528,
492,['492.png'],0.0,2.7981787426143447,
493,['493.png'],1.0,3.833726975764296,
495,['495.png'],0.0,5.203274643149337,
499,['499.png'],1.0,4.293923094934705,
500,['500.png'],1.0,2.446543623517984,
503,['503.png'],1.0,3.8046429582185546,
506,['506.png'],1.0,0.9816088537154652,
507,['507.png'],1.0,4.359412987350058,
508,['508.png'],1.0,3.643874588719865,
509,['509.png'],1.0,3.84117459980824,2.6536620515092504
511,['511.png'],1.0,4.178292057523612,
513,['513.png'],1.0,1.815814813304896,
514,['514.png'],1.0,2.80350505866801,
515,['515.png'],1.0,5.240611695321672,
516,['516.png'],1.0,4.145102668806525,
517,['517.png'],1.0,4.896494653181643,
518,['518.png'],1.0,3.507811253639844,
520,['520.png'],1.0,3.309372441077329,
523,['523.png'],0.0,1.583352385598917,
524,['524.png'],0.0,3.0725687926010354,
525,['525.png'],0.0,3.2864996653867578,
526,['526.png'],1.0,4.878896215795637,
527,['527.png'],1.0,1.5571634688536196,
529,['529.png'],1.0,2.9550408338066245,
530,['530.png'],1.0,3.7160097598273056,
531,['531.png'],1.0,3.748149133970197,3.325480799656113
532,['532.png'],1.0,3.3462601794118303,
533,['533.png'],1.0,4.958113521057591,
534,['534.png'],0.0,2.475288259130801,
535,['535.png'],1.0,4.322623978429987,
537,['537.png'],1.0,3.988101771087957,
539,['539.png'],0.0,4.490693198891267,
540,['540.png'],1.0,4.913256451502393,
541,['541.png'],1.0,5.965113771386101,
542,['542.png'],0.0,4.502904818776559,
543,['543.png'],1.0,1.9879515730718504,
544,['544.png'],,4.572702948460191,
545,['545.png'],1.0,2.368322916205144,
546,['546.png'],1.0,2.963939086038221,
547,['547.png'],1.0,3.1028569112053264,
548,['548.png'],1.0,3.560729447657632,
549,['549.png'],1.0,3.58478569953083,
554,['554.png'],,1.9085366871966096,
556,['556.png'],1.0,3.5938077770127306,
559,['559.png'],0.0,5.294155478463203,
560,['560.png'],1.0,3.620315798777536,
561,['561.png'],1.0,1.591919146659554,
562,['562.png'],0.0,5.448794263171315,
563,['563.png'],1.0,2.417443287043041,
564,['564.png'],1.0,1.3553593191063986,
565,['565.png'],0.0,2.8202399917145486,2.254759071920668
566,['566.png'],1.0,4.630647551648811,1.3112436538789063
567,['567.png'],1.0,4.383470813821541,
568,['568.png'],0.0,3.507307376369948,
571,['571.png'],0.0,4.852943890483984,
573,['573.png'],1.0,1.5367191799217177,
575,['575.png'],0.0,2.849550988396994,
576,['576.png'],1.0,1.8717030539781727,
577,['577.png'],1.0,3.2459575248889188,
578,['578.png'],0.0,1.162162508329155,
580,['580.png'],1.0,1.478424227720547,
584,['584.png'],0.0,5.893170505979744,
585,['585.png'],1.0,4.087597586802819,
587,['587.png'],0.0,4.726133530892659,
588,['588.png'],1.0,4.031837226638031,
591,['591.png'],0.0,4.220514774268913,2.7545383545390663
592,['592.png'],1.0,5.188168540025095,
594,['594.png'],1.0,3.505917275098797,
595,['595.png'],1.0,1.5426769705871126,
596,['596.png'],1.0,4.162963721061638,
597,['597.png'],1.0,1.468040533010949,
599,['599.png'],1.0,2.371054876798492,
600,['600.png'],1.0,2.087501452839287,
601,['601.png'],1.0,3.451278472230931,
602,['602.png'],1.0,-inf,
603,['603.png'],0.0,5.320579035009386,
604,['604.png'],1.0,3.373370777004383,
605,['605.png'],1.0,2.250685068655208,
606,['606.png'],1.0,1.2691516013975876,
608,['608.png'],0.0,5.559362786076603,
611,['611.png'],0.0,3.243741163781187,
614,['614.png'],1.0,2.790061749867202,
615,['615.png'],0.0,5.338814843614702,
617,['617.png'],,4.455862816611881,
619,['619.png'],0.0,4.198068716380531,3.484491700213825
622,['622.png'],1.0,3.604941552298594,
624,['624.png'],1.0,0.814521204017191,
625,['625.png'],1.0,4.592961356789601,
626,['626.png'],1.0,3.0160973943600538,
627,['627.png'],1.0,5.478700847599584,
628,['628.png'],1.0,4.782009264653924,
630,['630.png'],1.0,4.277610398072484,
631,['631.png'],1.0,1.5456241220967633,
632,['632.png'],1.0,4.750134379610592,
635,['635.png'],1.0,4.285877281592549,
636,['636.png'],1.0,3.440724783538219,
637,['637.png'],1.0,2.235335354630992,
638,['638.png'],0.0,5.292230022415925,
639,['639.png'],1.0,2.9258104494709487,
642,['642.png'],0.0,3.810469194755773,
643,['643.png'],1.0,1.988371950284,
645,['645.png'],1.0,4.216925733171142,
646,['646.png'],1.0,2.497251716372735,
647,['647.png'],1.0,3.7298692053011977,
648,['648.png'],1.0,3.283568264768276,
651,['651.png'],1.0,5.5012659551904886,
653,['653.png'],1.0,4.540497703756974,
655,['655.png'],1.0,5.1535650587023,
657,['657.png'],1.0,4.825722721850889,1.389603223001038
658,['658.png'],1.0,2.283171209064627,
660,['660.png'],0.0,3.21317060239845,
661,['661.png'],1.0,3.198879170926471,
662,['662.png'],1.0,2.2177350435138634,
663,['663.png'],1.0,3.60322382777509,
664,['664.png'],1.0,1.3669337270565536,
665,['665.png'],1.0,2.2099209754439912,1.2462700537559748
667,['667.png'],0.0,4.568382976380103,
668,['668.png'],0.0,5.115284667067557,
669,['669.png'],0.0,5.297713585375592,
670,['670.png'],,2.098129155554376,
672,['672.png'],1.0,2.564307975784623,
673,['673.png'],1.0,2.0765361336547343,
674,['674.png'],1.0,3.190644554360446,
675,['675.png'],1.0,4.623117929809765,
677,['677.png'],1.0,3.460958887853178,
678,['678.png'],1.0,1.2188381491818012,
679,['679.png'],1.0,3.062883731025815,
680,['680.png'],1.0,4.561625957637292,
681,['681.png'],1.0,5.089820046184594,
682,['682.png'],0.0,2.999447347159136,2.5780405244316453
683,['683.png'],0.0,4.4491064742818445,2.9824701068104176
685,['685.png'],,2.710938570761729,
686,['686.png'],1.0,4.112981830383728,
687,['687.png'],1.0,3.4145114373317744,
688,['688.png'],1.0,3.181949041205724,
690,['690.png'],0.0,2.594278446974626,
691,['691.png'],1.0,2.2337032651693383,
692,['692.png'],0.0,1.7458611380836315,
693,['693.png'],0.0,6.192960315177554,
694,['694.png'],1.0,2.771075573894904,
695,['695.png'],,2.3765058014092606,
696,['696.png'],1.0,2.40224783945298,
699,['699.png'],0.0,4.035748047094156,
700,['700.png'],1.0,1.5578586497700808,
701,['701.png'],1.0,1.687191544529666,
703,['703.png'],1.0,2.651266735557696,
704,['704.png'],1.0,1.5008557867364298,
705,['705.png'],0.0,3.883148870067241,2.189060111446969
706,['706.png'],1.0,3.267603261352744,
708,['708.png'],1.0,2.9174403831836293,
710,['710.png'],1.0,4.963275922238681,
711,['711.png'],0.0,4.94211206178565,
713,['713.png'],0.0,4.896963576764819,
714,['714.png'],1.0,4.259248548429715,
716,['716.png'],1.0,4.948158312967664,
717,['717.png'],1.0,2.743127389059795,
718,['718.png'],1.0,2.0231192742788533,0.8016869056526564
719,['719.png'],1.0,3.5270228115184,
721,['721.png'],1.0,2.0150964875174453,
723,['723.png'],1.0,5.221752289671501,
726,['726.png'],1.0,2.9968003612572995,
727,['727.png'],1.0,2.2524063497704283,1.2752259893292264
728,['728.png'],1.0,1.504891155491955,
729,['729.png'],1.0,1.6027630690041028,
730,['730.png'],1.0,1.6304374718564922,
731,['731.png'],1.0,3.538826971477897,
732,['732.png'],0.0,6.415705592159666,
733,['733.png'],1.0,6.026443839713807,
735,['735.png'],0.0,4.938998164579352,0.9367651241319188
736,['736.png'],1.0,2.554241204064203,
737,['737.png'],0.0,5.900521460090616,
739,['739.png'],1.0,4.134963978837415,
740,['740.png'],1.0,1.80272117825806,
741,['741.png'],1.0,1.1707944703947877,
742,['742.png'],1.0,3.675025367983879,
743,['743.png'],0.0,2.167190213035184,
746,['746.png'],1.0,3.2623998283626388,
747,['747.png'],0.0,0.7965685561013285,
748,['748.png'],1.0,4.733848357654391,
749,['749.png'],1.0,1.099286471746952,
752,['752.png'],0.0,5.843561314313696,1.1958868253894812
753,['753.png'],1.0,1.7501667626612418,
754,['754.png'],1.0,4.141592440588935,
755,['755.png'],0.0,4.588528913949854,
756,['756.png'],0.0,2.8465054735308253,
757,['757.png'],1.0,4.134139536526519,
758,['758.png'],0.0,2.982402123147971,
759,['759.png'],1.0,4.43477445982376,
760,['760.png'],0.0,3.2072356575129835,
761,['761.png'],1.0,3.691371308272207,
762,['762.png'],1.0,4.533195546728488,
763,['763.png'],1.0,4.400639007747608,
766,['766.png'],1.0,3.7803091755636298,2.635559176576103
767,['767.png'],1.0,2.624437100917493,
768,['768.png'],1.0,2.628486984752888,
769,['769.png'],1.0,4.463922601991348,
770,['770.png'],0.0,5.91411557239367,
771,['771.png'],1.0,3.996579960652072,
772,['772.png'],1.0,-inf,
773,['773.png'],1.0,2.5225918097144686,
774,['774.png'],1.0,1.120063493879046,
776,['776.png'],1.0,3.0890934519397293,
777,['777.png'],1.0,3.5716036822030635,
778,['778.png'],1.0,3.2226342588234824,
779,['779.png'],0.0,3.413841937712793,
781,['781.png'],1.0,2.5215956969528266,
782,['782.png'],1.0,4.787743604837991,
783,['783.png'],1.0,2.343900034525304,
784,['784.png'],0.0,4.464080935066123,0.7944932182471669
786,['786.png'],1.0,3.4914135539887066,
787,['787.png'],1.0,4.249053222942344,
788,['788.png'],1.0,1.74067599364253,
790,['790.png'],0.0,2.960614969925806,
792,['792.png'],1.0,-inf,
793,['793.png'],1.0,4.400643868094036,
794,['794.png'],1.0,1.686571501993127,
795,['795.png'],1.0,0.8412013088470522,
799,['799.png'],1.0,1.3043195713093436,
800,['800.png'],1.0,1.765889557719676,
803,['803.png'],0.0,2.913064277613489,
804,['804.png'],1.0,4.231501175981251,
805,['805.png'],1.0,4.144439833902356,1.0598831145245349
809,['809.png'],0.0,1.3086534999211985,
810,['810.png'],0.0,4.074287750988648,
811,['811.png'],0.0,2.2964289263544653,
812,['812.png'],1.0,2.745783488683581,
813,['813.png'],0.0,3.8811019480883706,3.138890976803981
814,['814.png'],0.0,2.2251312670423555,1.663676147354089
818,['818.png'],,2.745649498060471,
819,['819.png'],1.0,3.464671067409193,2.2557440536736104
821,['821.png'],1.0,4.55482057965934,
822,['822.png'],1.0,2.6827804134188944,
823,['823.png'],1.0,1.8388023162433005,
825,['825.png'],0.0,1.5598188640412407,
826,['826.png'],0.0,2.515392985046031,
827,['827.png'],1.0,3.861710023824669,
828,['828.png'],1.0,3.934420060567793,2.136116319592828
829,['829.png'],0.0,4.093663450761251,
830,['830.png'],1.0,0.8117393817886379,
832,['832.png'],0.0,4.84924387051446,
833,['833.png'],1.0,4.286360535301887,
834,['834.png'],1.0,4.114165164217627,
837,['837.png'],1.0,3.940012679303468,
840,['840.png'],0.0,2.515217751073447,
842,['842.png'],1.0,5.203360590376836,
843,['843.png'],1.0,2.928647975888508,
845,['845.png'],1.0,2.644908771568729,
847,['847.png'],1.0,3.2218792326067343,
848,['848.png'],1.0,3.4232566598791614,
851,['851.png'],1.0,3.1354704322619256,
852,['852.png'],1.0,2.837746589702891,2.4810805073417086
853,['853.png'],1.0,3.139501703759013,
857,['857.png'],1.0,1.3220358448432197,
858,['858.png'],1.0,0.7334719381149342,
859,['859.png'],1.0,4.175587804986523,3.5418802961433484
860,['860.png'],1.0,4.272858112630527,
863,['863.png'],1.0,1.580261875016583,0.8083750658995004
865,['865.png'],1.0,3.3557731267390043,
866,['866.png'],,1.6219236775258177,
867,['867.png'],1.0,4.171769319520814,
869,['869.png'],1.0,2.835594470770557,
873,['873.png'],,3.87875220276196,
874,['874.png'],1.0,2.501510354627537,
875,['875.png'],1.0,2.128491513162675,
876,['876.png'],1.0,2.451693963032324,
879,['879.png'],1.0,2.528165584616497,
880,['880.png'],1.0,3.79830223101378,
883,['883.png'],0.0,5.090262758120709,
886,['886.png'],0.0,5.469372184042793,
887,['887.png'],1.0,3.053589173093715,
888,['888.png'],1.0,2.8349095566652074,
889,['889.png'],0.0,3.2714840589190466,
891,['891.png'],1.0,4.515761421806649,1.5588875771418833
892,['892.png'],1.0,1.2855844386080952,
893,['893.png'],0.0,1.9880730848577164,
894,['894.png'],0.0,4.8682339302843936,
895,['895.png'],0.0,5.237047808080209,1.2509260822003951
896,['896.png'],1.0,5.076380201871863,
898,['898.png'],1.0,1.0288309994513878,
899,['899.png'],1.0,4.506714571368873,
900,['900.png'],1.0,1.0848426657848065,
901,['901.png'],1.0,2.7306711702909743,
902,['902.png'],1.0,4.089771943901588,
903,['903.png'],1.0,4.374155805045768,
904,['904.png'],1.0,1.2162312828339654,
905,['905.png'],0.0,4.907742170813259,
906,['906.png'],1.0,5.420950523881313,
907,['907.png'],1.0,5.215550227721774,
909,['909.png'],1.0,2.9882397175401483,
910,['910.png'],1.0,2.2895482554659496,1.779462086511429
911,['911.png'],1.0,3.030154795865752,
912,['912.png'],0.0,5.173785809089445,
915,['915.png'],1.0,2.726481641434715,
919,['919.png'],1.0,3.47966171996409,
921,['921.png'],1.0,1.0341277402491524,
922,['922.png'],1.0,4.517157157145793,
923,['923.png'],1.0,2.362013229484325,
925,['925.png'],1.0,3.7114228071383466,
926,['926.png'],1.0,2.270027903870364,
928,['928.png'],1.0,2.169625953477906,
929,['929.png'],1.0,1.292307041729131,
930,['930.png'],0.0,1.6820486217319048,
932,['932.png'],1.0,2.384029160539068,
933,['933.png'],0.0,2.243349254197204,
934,['934.png'],1.0,1.5252485263532285,
935,['935.png'],1.0,2.716067222984571,
938,['938.png'],1.0,2.580058787721756,
940,['940.png'],1.0,3.4739905170113845,
942,['942.png'],0.0,4.643743373303384,
945,['945.png'],0.0,4.8349153014753465,
946,['946.png'],1.0,5.094107896484402,
947,['947.png'],0.0,4.215837356927704,
948,['948.png'],1.0,2.228981355777671,
949,['949.png'],1.0,2.7846169824079645,
950,['950.png'],0.0,2.8467203706214965,
951,['951.png'],1.0,3.975972103664268,
953,['953.png'],1.0,2.903977168400855,1.1480033390945206
954,['954.png'],1.0,3.391497164155494,
955,['955.png'],1.0,2.646700168560025,
956,['956.png'],1.0,3.486993350262664,
958,['958.png'],0.0,4.00864030966116,
959,['959.png'],1.0,3.2394413288795505,
960,['960.png'],1.0,3.614671979313077,
961,['961.png'],1.0,4.373922739334436,
962,['962.png'],1.0,3.4112122400029565,
963,['963.png'],1.0,2.1970534317903616,
964,['964.png'],1.0,2.002094910302488,
969,['969.png'],1.0,5.1409993763242925,
973,['973.png'],1.0,3.278306466427236,
975,['975.png'],1.0,2.2617965635347166,
976,['976.png'],1.0,2.6497763653044544,
978,['978.png'],1.0,2.70669617566995,
979,['979.png'],0.0,4.665473746079066,
980,['980.png'],1.0,2.960290053090864,
983,['983.png'],1.0,4.4614238602337215,
985,['985.png'],1.0,1.877240728844238,
986,['986.png'],0.0,4.020586143383884,
987,['987.png'],0.0,4.696160900457732,
988,['988.png'],1.0,2.7854634128255613,0.7665257437029309
989,['989.png'],1.0,2.1671304873804487,
991,['991.png'],1.0,2.948040677754525,
992,['992.png'],1.0,3.160661037711689,
995,['995.png'],1.0,1.2911423366070398,
996,['996.png'],0.0,4.80191345760157,
999,['999.png'],1.0,4.133105391955026,
1001,['1001.png'],0.0,5.493589636570436,
1002,['1002.png'],1.0,-inf,
1003,['1003.png'],0.0,4.192749428353518,2.9279139520770103
1004,['1004.png'],1.0,3.0814517363209424,
1005,['1005.png'],1.0,3.0689014452216203,
1006,['1006.png'],1.0,3.296901249023436,
1007,['1007.png'],0.0,2.961784151832799,
1009,['1009.png'],1.0,3.234094110834874,
1010,['1010.png'],1.0,1.944450578595504,
1014,['1014.png'],1.0,1.6890021497578305,
1015,['1015.png'],1.0,2.4185936555522503,2.400574181108212
1016,['1016.png'],1.0,4.5650359187739165,
1017,['1017.png'],1.0,3.342484118935632,
1019,['1019.png'],0.0,2.258231225414459,
1020,['1020.png'],1.0,4.880812066251787,
1022,['1022.png'],1.0,4.771916706809935,
1024,['1024.png'],1.0,2.865586385207114,
1026,['1026.png'],1.0,5.219436616849133,
1027,['1027.png'],0.0,4.046621513988242,
1028,['1028.png'],0.0,2.74301876694165,
1030,['1030.png'],1.0,4.799816715067661,
1032,['1032.png'],0.0,3.077931539819056,
1035,['1035.png'],1.0,4.364558217694646,
1036,['1036.png'],1.0,1.6785323585936065,
1037,['1037.png'],1.0,2.490856880966775,
1038,['1038.png'],1.0,1.63270394150894,0.9255933092337216
1039,['1039.png'],1.0,2.066251557289612,
1040,['1040.png'],1.0,2.211112596194193,1.8893398477277503
1041,['1041.png'],0.0,3.348947700064306,
1042,['1042.png'],1.0,4.547613781311148,
1044,['1044.png'],1.0,1.391331862579582,
1045,['1045.png'],1.0,2.5458528513644354,
1046,['1046.png'],1.0,4.838714444890671,
1047,['1047.png'],1.0,3.412518257286298,
1048,['1048.png'],1.0,3.3725815579447547,
1049,['1049.png'],1.0,3.121449880846469,
1050,['1050.png'],1.0,1.92434090692014,1.19270814169906
1051,['1051.png'],1.0,2.6597604057670736,
1052,['1052.png'],1.0,4.599658788408399,
1053,['1053.png'],1.0,2.3566612566740823,
1054,['1054.png'],1.0,3.816737549429764,
1055,['1055.png'],1.0,4.8910122949286645,
1057,['1057.png'],0.0,3.4535790520896086,
1058,['1058.png'],0.0,3.809385668980772,
1059,['1059.png'],1.0,5.132880317996192,
1060,['1060.png'],1.0,5.31558842090567,
1061,['1061.png'],1.0,3.3459152817412634,
1064,['1064.png'],1.0,0.7609406651064518,
1065,['1065.png'],1.0,1.3743105498270998,
1066,['1066.png'],1.0,2.79596169216865,
1067,['1067.png'],1.0,4.901578789517956,
1068,['1068.png'],1.0,4.130735480213641,
1069,['1069.png'],,3.8320369321722367,
1070,['1070.png'],1.0,4.606389058970261,
1071,['1071.png'],1.0,3.0341654856000853,
1073,['1073.png'],1.0,0.80538079175666,
1074,['1074.png'],0.0,4.49009258613664,
1077,['1077.png'],0.0,1.5669260733119634,
1078,['1078.png'],1.0,2.514531253005439,
1079,['1079.png'],1.0,2.9129012022208283,
1080,['1080.png'],1.0,3.2265056040280373,
1081,['1081.png'],1.0,1.1421925775217214,
1084,['1084.png'],1.0,4.57438455538646,
1087,['1087.png'],0.0,3.329668150519568,
1089,['1089.png'],1.0,2.750793529479872,1.1592778174968563
1090,['1090.png'],0.0,2.372496697571308,
1092,['1092.png'],0.0,4.513526289107787,
1094,['1094.png'],1.0,3.0486804878575224,
1095,['1095.png'],1.0,2.632732337730628,2.256806999295085
1096,['1096.png'],0.0,4.345159815997625,
1097,['1097.png'],0.0,1.8395991424622145,
1102,['1102.png'],1.0,4.906879219871147,
1103,['1103.png'],1.0,2.3797818739863565,
1105,['1105.png'],1.0,2.9173472678541352,
1107,['1107.png'],1.0,1.1440616122743563,
1108,['1108.png'],1.0,1.6765466408047467,
1109,['1109.png'],0.0,4.445109281719778,
1111,['1111.png'],1.0,1.946614129832878,
1112,['1112.png'],1.0,5.441396537243464,1.0757355764937202
1113,['1113.png'],1.0,4.050515406246339,
1114,['1114.png'],1.0,3.484666908011669,
1115,['1115.png'],1.0,3.93915495697276,
1116,['1116.png'],1.0,1.3281230418865473,
1117,['1117.png'],1.0,3.7624428151554654,
1118,['1118.png'],1.0,2.9513098650194345,
1119,['1119.png'],1.0,2.0778186968254766,
1120,['1120.png'],1.0,4.883776879473871,3.910372744636606
1121,['1121.png'],0.0,1.77791307345086,
1122,['1122.png'],0.0,3.582475792228871,
1123,['1123.png'],1.0,2.4139001421082704,
1126,['1126.png'],1.0,1.4208328432935753,
1127,['1127.png'],1.0,4.521078664118846,
1131,['1131.png'],1.0,0.9390074126971868,
1132,['1132.png'],0.0,3.395406930927682,
1135,['1135.png'],1.0,2.479472344231992,
1136,['1136.png'],1.0,5.094170206516884,
1137,['1137.png'],,2.3118479705683432,
1138,['1138.png'],1.0,4.2850946149777,
1139,['1139.png'],,2.9732981004578005,
1140,['1140.png'],1.0,3.761179344116613,
1142,['1142.png'],0.0,3.7802426041337407,
1146,['1146.png'],1.0,1.8750751944707185,
1147,['1147.png'],0.0,6.470719329093143,
1151,['1151.png'],1.0,3.3791619109701063,
1152,['1152.png'],0.0,3.119885955359313,
1153,['1153.png'],1.0,2.0755092727594464,
1154,['1154.png'],1.0,4.361857597391754,
1155,['1155.png'],0.0,5.161934900539306,
1156,['1156.png'],0.0,3.616556251351367,
1158,['1158.png'],1.0,2.0761830350922788,
1159,['1159.png'],1.0,3.3656317889191696,
1160,['1160.png'],0.0,3.531623115061024,
1161,['1161.png'],1.0,1.2464427246851173,
1162,['1162.png'],0.0,3.759161545755909,
1163,['1163.png'],0.0,3.9311303424030895,
1164,['1164.png'],1.0,1.571116166769563,
1165,['1165.png'],0.0,4.632565716803362,0.9306756774198378
1167,['1167.png'],1.0,2.3614361325618294,
1170,['1170.png'],1.0,2.6663021641059643,
1171,['1171.png'],1.0,1.196097353728573,
1172,['1172.png'],1.0,2.258997972930532,
1173,['1173.png'],1.0,2.5875171100971026,
1174,['1174.png'],1.0,2.33968216322556,
1175,['1175.png'],1.0,3.6422664262720543,
1176,['1176.png'],1.0,2.601226143525749,
1177,['1177.png'],1.0,1.988633738572284,
1178,['1178.png'],1.0,3.3785798105642044,
1179,['1179.png'],1.0,2.500519363054624,
1181,['1181.png'],1.0,2.196857365787052,
1182,['1182.png'],1.0,1.0045791951193477,
1184,['1184.png'],,3.567823031543997,
1185,['1185.png'],1.0,3.362807712364805,
1186,['1186.png'],1.0,4.212596079560183,
1187,['1187.png'],1.0,2.960967938891628,
1188,['1188.png'],0.0,4.859792494192769,
1189,['1189.png'],1.0,4.416060092065884,4.193639284693179
1190,['1190.png'],1.0,3.893055263316146,
1191,['1191.png'],1.0,2.2498037097605605,
1192,['1192.png'],1.0,2.876619452405237,
1193,['1193.png'],1.0,2.6930968748976527,
1195,['1195.png'],0.0,4.666346626033253,3.875390709074922
1199,['1199.png'],0.0,2.331885520158787,2.319928312789817
1200,['1200.png'],1.0,4.195495222088555,
1202,['1202.png'],0.0,3.4458112073455025,
1203,['1203.png'],1.0,0.7557744990295758,
1204,['1204.png'],1.0,1.8790995416541545,
1205,['1205.png'],1.0,3.994511692160282,
1207,['1207.png'],1.0,2.9139433690956453,
1209,['1209.png'],1.0,4.075873748571257,2.018530165494376
1210,['1210.png'],0.0,1.965806906843058,
1211,['1211.png'],1.0,4.683136710786291,
1212,['1212.png'],1.0,2.247112404363313,
1213,['1213.png'],1.0,3.420406723975174,
1214,['1214.png'],0.0,1.9900251285301416,
1217,['1217.png'],0.0,5.689171094915588,
1218,['1218.png'],0.0,5.047760489990654,
1220,['1220.png'],0.0,2.157532684459329,1.807920502566417
1222,['1222.png'],0.0,2.9229077398520245,
1223,['1223.png'],1.0,5.757753084103952,0.998854273327797
1224,['1224.png'],1.0,4.699544859141117,
1226,['1226.png'],1.0,4.689214210793389,
1228,['1228.png'],1.0,3.203054100776193,
1229,['1229.png'],0.0,2.1042490319909777,
1231,['1231.png'],1.0,3.67913511770388,3.059227071007012
1232,['1232.png'],1.0,3.6670971426804857,
1233,['1233.png'],0.0,1.038866660316062,
1236,['1236.png'],1.0,2.783451064242737,
1237,['1237.png'],1.0,3.284369742606243,
1239,['1239.png'],1.0,1.7778307889371725,
1241,['1241.png'],0.0,4.649158795483809,2.6389492588906776
1243,['1243.png'],1.0,2.0734049026614625,0.9009739904162148
1244,['1244.png'],0.0,1.587673534458129,
1247,['1247.png'],1.0,1.3602324494816105,
1250,['1250.png'],0.0,4.963205386494572,
1251,['1251.png'],1.0,5.449275114692097,
1252,['1252.png'],0.0,3.2611238790450696,
1253,['1253.png'],1.0,2.252727194443073,
1256,['1256.png'],1.0,2.5149394266475418,
1257,['1257.png'],0.0,2.011516326339084,
1258,['1258.png'],1.0,2.455449587991456,
1261,['1261.png'],1.0,0.7434561902641093,
1263,['1263.png'],1.0,1.891640064933824,
1265,['1265.png'],0.0,2.345406792500359,
1266,['1266.png'],1.0,3.731728575381303,
1267,['1267.png'],1.0,2.550743733459166,
1268,['1268.png'],1.0,2.979864788324047,
1269,['1269.png'],0.0,4.370173986395887,
1272,['1272.png'],1.0,2.9865837284957144,2.390175596747176
1273,['1273.png'],1.0,4.323826132725242,
1274,['1274.png'],1.0,3.395404345612132,
1277,['1277.png'],0.0,2.7772809282708804,
1278,['1278.png'],1.0,2.243974854226154,
1279,['1279.png'],1.0,3.2045003425061163,
1281,['1281.png'],1.0,3.430482989942133,
1282,['1282.png'],1.0,4.842277957646968,
1283,['1283.png'],0.0,1.7963251841140149,
1284,['1284.png'],1.0,1.8775373274466405,
1285,['1285.png'],1.0,5.204616570315777,
1286,['1286.png'],1.0,5.169367558774125,2.13629469629793
1287,['1287.png'],1.0,4.831236557234264,
1291,['1291.png'],0.0,2.503150588314558,
1292,['1292.png'],1.0,3.9078238654183313,
1295,['1295.png'],1.0,2.9540798754903324,
1296,['1296.png'],1.0,1.6740659478654654,
1297,['1297.png'],1.0,4.215815550437699,
1298,['1298.png'],1.0,1.0192598970067177,
1301,['1301.png'],1.0,1.9457139693908745,
1302,['1302.png'],1.0,1.0654240002352455,
1303,['1303.png'],1.0,3.843033158702714,
1304,['1304.png'],0.0,3.676371378965472,
1305,['1305.png'],,3.419998625671963,
1306,['1306.png'],1.0,1.0717895138818936,
1308,['1308.png'],0.0,1.908848726919254,
1309,['1309.png'],1.0,0.7528634694004884,
1311,['1311.png'],1.0,3.093628274843067,1.9229918274064848
1313,['1313.png'],1.0,3.287494794452208,
1314,['1314.png'],1.0,3.0842634694518214,
1315,['1315.png'],1.0,4.775393261576485,
1316,['1316.png'],0.0,4.604596914765636,
1319,['1319.png'],,4.265017274702555,
1320,['1320.png'],0.0,4.868183872011111,
1321,['1321.png'],1.0,2.346384478778752,
1322,['1322.png'],1.0,1.8489552098998403,
1323,['1323.png'],1.0,4.069438592942998,1.6436505094374878
1324,['1324.png'],1.0,2.471700746483935,
1328,['1328.png'],1.0,2.4072958352908085,
1329,['1329.png'],1.0,4.666597812605595,
1330,['1330.png'],1.0,3.8279177421030615,
1331,['1331.png'],,2.3110037234407024,
1334,['1334.png'],1.0,2.8232837927338066,
1335,['1335.png'],1.0,2.9928515288551725,
1336,['1336.png'],1.0,1.2142624560377675,
1337,['1337.png'],1.0,4.381968124808581,
1338,['1338.png'],1.0,3.0354271696575346,
1339,['1339.png'],1.0,3.8496272805092007,
1340,['1340.png'],1.0,3.239549581715935,
1343,['1343.png'],1.0,2.6268876591380703,
1344,['1344.png'],1.0,3.6559465388835526,
1345,['1345.png'],1.0,3.463008292468195,
1346,['1346.png'],0.0,4.141570882769067,
1347,['1347.png'],1.0,3.089957895098488,
1356,['1356.png'],1.0,1.307601221678817,
1357,['1357.png'],1.0,2.068615700053343,1.9445875981914915
1358,['1358.png'],0.0,4.235809376084985,
1359,['1359.png'],0.0,4.088580397533218,
1360,['1360.png'],1.0,1.463052111240486,
1361,['1361.png'],1.0,4.750156070329101,
1362,['1362.png'],1.0,1.4913509112820305,
1363,['1363.png'],1.0,3.59898291207508,
1364,['1364.png'],1.0,4.044408456371684,
1365,['1365.png'],0.0,3.0619132327243945,
1367,['1367.png'],1.0,1.2218736915523247,
1368,['1368.png'],1.0,4.161048889964637,
1369,['1369.png'],1.0,3.4214798096319883,
1371,['1371.png'],1.0,4.271145436890115,
1372,['1372.png'],1.0,2.519283095435877,
1374,['1374.png'],1.0,3.777672406200117,
1376,['1376.png'],1.0,2.071501071288318,1.492265655983457
1377,['1377.png'],1.0,2.7546161570351795,2.264199468412152
1379,['1379.png'],1.0,1.263433827287582,
1381,['1381.png'],1.0,4.862124664810901,
1382,['1382.png'],1.0,4.234883073796496,
1384,['1384.png'],0.0,2.3110509497641623,
1385,['1385.png'],1.0,4.769002153593906,
1386,['1386.png'],1.0,5.065538006403148,
1387,['1387.png'],1.0,4.171889667800472,
1390,['1390.png'],1.0,2.649132555056638,
1391,['1391.png'],0.0,5.054180815504623,2.6684237209123505
1392,['1392.png'],0.0,3.224558811317119,
1393,['1393.png'],0.0,4.087511697742789,
1394,['1394.png'],1.0,5.210114369126314,
1395,['1395.png'],1.0,3.846414528361776,
1396,['1396.png'],1.0,4.422052347455216,
1397,['1397.png'],1.0,3.5618551898444046,
1399,['1399.png'],1.0,1.0719735756712656,
1400,['1400.png'],0.0,4.9087789807234845,
1401,['1401.png'],1.0,3.795327017907863,
1402,['1402.png'],1.0,3.094223240740292,
1403,['1403.png'],0.0,4.859003659348974,
1404,['1404.png'],1.0,3.205149017130678,
1405,['1405.png'],0.0,2.239614168617789,
1406,['1406.png'],1.0,3.728755670394565,3.1265864824322303
1407,['1407.png'],1.0,4.414329175914782,
1408,['1408.png'],0.0,4.763475234992643,
1410,['1410.png'],1.0,4.274171776933885,
1415,['1415.png'],1.0,3.412419788796939,1.3631408633540625
1417,['1417.png'],1.0,4.902776809163665,
1418,['1418.png'],1.0,2.900236716776041,
1419,['1419.png'],0.0,4.688347800435854,1.0640751151541696
1421,['1421.png'],1.0,1.9310141775541072,
1422,['1422.png'],1.0,5.36781998006047,
1423,['1423.png'],1.0,2.27535481744571,
1424,['1424.png'],1.0,0.8920649942171758,
1426,['1426.png'],1.0,1.73286085050742,
1427,['1427.png'],1.0,3.301186990660108,2.306518401330952
1428,['1428.png'],1.0,2.5966079018835484,
1430,['1430.png'],1.0,3.026661323539845,
1432,['1432.png'],0.0,4.244657802198023,
1433,['1433.png'],1.0,2.7336296822637856,
1435,['1435.png'],1.0,3.675963053097853,
1436,['1436.png'],1.0,2.3508716818160296,
1437,['1437.png'],1.0,1.6381542468816586,
1439,['1439.png'],1.0,1.3717257379081145,
1443,['1443.png'],1.0,4.375095555088526,
1444,['1444.png'],1.0,3.949539815454711,
1445,['1445.png'],1.0,2.5035520915578213,
1447,['1447.png'],1.0,2.5214575145405096,
1448,['1448.png'],1.0,4.429140751470379,
1450,['1450.png'],1.0,4.92379387155041,
1453,['1453.png'],1.0,1.6122046917973922,
1455,['1455.png'],1.0,1.8795615189689023,
1456,['1456.png'],1.0,4.189345852660785,
1457,['1457.png'],0.0,5.644237870576009,
1458,['1458.png'],1.0,5.249310121379479,
1459,['1459.png'],0.0,4.532482733862933,
1465,['1465.png'],1.0,4.100107637948207,
1466,['1466.png'],1.0,4.559704517451243,
1468,['1468.png'],1.0,3.6453387434603233,2.5274086982407606
1469,['1469.png'],1.0,4.364578864537801,
1471,['1471.png'],0.0,4.670707587952667,
1472,['1472.png'],1.0,5.067519845976932,
1473,['1473.png'],1.0,1.8539327367042449,
1474,['1474.png'],1.0,2.974380561039032,
1475,['1475.png'],1.0,1.3230054873753372,
1476,['1476.png'],1.0,4.710914449598519,
1477,['1477.png'],1.0,3.006324566789215,
1478,['1478.png'],0.0,4.198972076650381,
1480,['1480.png'],0.0,1.184807233406474,1.0928798281516134
1482,['1482.png'],1.0,4.555476215364572,
1483,['1483.png'],1.0,4.38809830290085,1.051758124126328
1484,['1484.png'],0.0,4.930789160242883,
1485,['1485.png'],1.0,4.677950455980957,
1487,['1487.png'],0.0,1.7409328728011162,
1488,['1488.png'],1.0,3.79168950105639,
1491,['1491.png'],,4.300536187834265,
1493,['1493.png'],1.0,4.001612064122408,3.2056587227981383
1494,['1494.png'],0.0,3.5756585064894475,
1495,['1495.png'],1.0,2.870733958053685,
1497,['1497.png'],1.0,2.9633416583919603,
1499,['1499.png'],0.0,4.350919471819953,4.007263507082874
1500,['1500.png'],1.0,4.116309507023601,
1501,['1501.png'],1.0,4.2746172404574025,
1502,['1502.png'],1.0,3.808567640058192,
1504,['1504.png'],1.0,5.777657045490293,
1505,['1505.png'],1.0,4.376332585459459,
1507,['1507.png'],1.0,3.034241859478678,
1508,['1508.png'],1.0,0.7726561039380231,
1509,['1509.png'],1.0,2.9475624872310786,
1510,['1510.png'],1.0,3.053606951621274,
1511,['1511.png'],1.0,2.8680718728055554,
1513,['1513.png'],1.0,4.442139482617389,
1515,['1515.png'],0.0,4.20298880775675,
1516,['1516.png'],1.0,2.579805477950224,
1517,['1517.png'],1.0,4.033984579632061,
1518,['1518.png'],1.0,4.8906472077539895,
1519,['1519.png'],1.0,3.206358806617066,
1520,['1520.png'],1.0,3.52004678709714,
1521,['1521.png'],1.0,1.1501150968298817,
1522,['1522.png'],0.0,3.862417100267403,
1523,['1523.png'],1.0,3.654305176554266,
1524,['1524.png'],1.0,4.863509172478345,
1525,['1525.png'],1.0,2.3403905531334104,
1526,['1526.png'],0.0,3.6889672039861394,
1527,['1527.png'],1.0,5.1341614957069295,
1529,['1529.png'],1.0,2.1304011878992646,
1530,['1530.png'],1.0,2.701619999011497,
1533,['1533.png'],1.0,5.418818558646056,
1534,['1534.png'],1.0,3.340134978842761,
1537,['1537.png'],1.0,1.9099365958305028,
1538,['1538.png'],1.0,2.744032736341574,
1539,['1539.png'],,4.510865736883765,
1541,['1541.png'],0.0,3.940030276332242,
1542,['1542.png'],1.0,3.424785319826876,
1543,['1543.png'],0.0,4.176376088659241,
1545,['1545.png'],1.0,2.8888099255682715,
1546,['1546.png'],0.0,4.080181375282263,
1547,['1547.png'],1.0,5.040938891887219,
1550,['1550.png'],1.0,1.5343706084685955,
1551,['1551.png'],1.0,4.079454935690127,
1552,['1552.png'],1.0,2.8488001494930564,
1553,['1553.png'],0.0,3.9729116083053113,3.0810606594099
1554,['1554.png'],0.0,1.429155205144883,
1556,['1556.png'],1.0,3.266803372715095,
1557,['1557.png'],1.0,1.463227737375608,0.9898151209901244
1558,['1558.png'],1.0,1.9600961555741427,
1559,['1559.png'],1.0,4.949503227575257,
1560,['1560.png'],,5.066865048531802,
1562,['1562.png'],0.0,1.969294544511516,0.7352759834383209
1564,['1564.png'],0.0,4.505056801950715,
1567,['1567.png'],1.0,2.7932634667266307,
1568,['1568.png'],1.0,3.656158045763196,
1572,['1572.png'],0.0,5.06229391024254,
1573,['1573.png'],1.0,3.893951428482125,
1574,['1574.png'],0.0,3.4788461162553395,
1575,['1575.png'],0.0,4.805145821819519,
1577,['1577.png'],1.0,3.308679756172694,
1578,['1578.png'],1.0,4.385500824589166,
1579,['1579.png'],1.0,2.088934048260105,
1580,['1580.png'],1.0,3.611603792548452,
1581,['1581.png'],1.0,3.9525336397780064,
1582,['1582.png'],1.0,2.7866003813617573,
1583,['1583.png'],1.0,2.2575350141107067,
1584,['1584.png'],1.0,1.791921229708835,
1587,['1587.png'],1.0,1.1202821358756694,
1588,['1588.png'],1.0,5.404697080269257,1.046896564403099
1590,['1590.png'],0.0,1.8228298561066325,
1591,['1591.png'],0.0,4.307199948623868,
1592,['1592.png'],1.0,2.218011451246167,
1593,['1593.png'],1.0,1.185422879593595,0.9981177578755528
1594,['1594.png'],1.0,3.511306651065154,
1595,['1595.png'],1.0,4.346696273197828,
1596,['1596.png'],1.0,4.939410255059038,0.8330885105129074
1597,['1597.png'],1.0,2.235171885104081,
1598,['1598.png'],0.0,3.5877557875133634,
1599,['1599.png'],0.0,3.679847090050566,
1600,['1600.png'],0.0,4.061801105628605,
1602,['1602.png'],1.0,5.233275171391514,
1603,['1603.png'],1.0,5.264274305173192,
1606,['1606.png'],,4.736038095804931,
1609,['1609.png'],0.0,3.021792323243692,
1610,['1610.png'],1.0,0.824787231296804,
1613,['1613.png'],0.0,1.885883398081757,
1614,['1614.png'],1.0,2.1303135337842063,
1615,['1615.png'],1.0,2.866592021188115,
1616,['1616.png'],1.0,3.874675356934685,
1618,['1618.png'],1.0,3.0948007812419487,
1619,['1619.png'],1.0,4.813792381128051,
1620,['1620.png'],1.0,3.32084990642893,
1621,['1621.png'],1.0,3.09353087859536,
1622,['1622.png'],1.0,1.0913492597019905,
1623,['1623.png'],1.0,2.6151374359239785,
1626,['1626.png'],1.0,4.298096960901484,
1628,['1628.png'],1.0,3.968617911169556,
1629,['1629.png'],1.0,2.038143546039979,
1630,['1630.png'],1.0,3.420855565684392,
1631,['1631.png'],0.0,1.9952584942061704,
1633,['1633.png'],1.0,2.077668480023955,
1635,['1635.png'],1.0,4.243795374061613,
1636,['1636.png'],1.0,2.335522491334721,
1637,['1637.png'],0.0,5.469906252240854,
1639,['1639.png'],1.0,4.230656569086368,
1642,['1642.png'],0.0,1.5606289063738814,
1644,['1644.png'],,3.059625142650646,
1645,['1645.png'],1.0,5.546975312450702,
1646,['1646.png'],1.0,1.5568000696095865,
1648,['1648.png'],0.0,4.873493736539442,
1649,['1649.png'],1.0,2.012891462794349,
1650,['1650.png'],1.0,2.095526314743474,
1651,['1651.png'],,3.5473926491099093,
1652,['1652.png'],1.0,2.479257543459215,
1656,['1656.png'],0.0,3.4812489995372524,
1657,['1657.png'],1.0,2.212017449293719,
1658,['1658.png'],1.0,4.527459066423062,
1659,['1659.png'],1.0,3.8094281824883134,
1660,['1660.png'],1.0,3.731836469158434,
1661,['1661.png'],1.0,1.5594173309174075,1.1690679038178975
1662,['1662.png'],1.0,4.09241180622763,
1665,['1665.png'],1.0,0.9421383189475606,
1666,['1666.png'],0.0,1.602551046543739,
1667,['1667.png'],1.0,1.955114759699624,
1669,['1669.png'],0.0,1.2507561940733596,
1670,['1670.png'],0.0,4.134634616519612,
1671,['1671.png'],1.0,1.140764207206444,
1672,['1672.png'],1.0,3.09723839027196,
1674,['1674.png'],1.0,4.900043725449594,
1675,['1675.png'],1.0,2.75545689016594,
1676,['1676.png'],1.0,3.1474599910419205,
1677,['1677.png'],1.0,2.241528704013842,
1678,['1678.png'],1.0,2.9948868851198127,
1679,['1679.png'],1.0,2.880342930001392,
1680,['1680.png'],1.0,2.3881070843251813,
1681,['1681.png'],1.0,1.9906611798051888,
1685,['1685.png'],1.0,3.3964143633597064,
1686,['1686.png'],1.0,4.876953540044571,
1687,['1687.png'],0.0,3.344109056501455,
1688,['1688.png'],1.0,3.1092320000643823,
1689,['1689.png'],1.0,1.2054476460388048,
1690,['1690.png'],1.0,3.4805645436701163,
1691,['1691.png'],0.0,3.417890075699198,
1692,['1692.png'],,3.652292436792127,
1694,['1694.png'],1.0,3.356422938721108,
1695,['1695.png'],0.0,5.699574725552383,
1696,['1696.png'],0.0,2.4004147275434184,
1698,['1698.png'],0.0,3.56949748181662,
1700,['1700.png'],1.0,2.161513281262159,
1701,['1701.png'],1.0,1.817855358349472,
1702,['1702.png'],1.0,2.663701198251865,
1703,['1703.png'],1.0,2.3473429221358155,
1704,['1704.png'],1.0,4.41013535693785,
1705,['1705.png'],1.0,2.68102668226548,
1708,['1708.png'],1.0,3.523340471867813,1.886265144046908
1709,['1709.png'],0.0,3.665316564588031,
1710,['1710.png'],0.0,4.700504629536825,
1711,['1711.png'],1.0,3.921986180279515,
1713,['1713.png'],1.0,1.929240310234757,
1714,['1714.png'],1.0,4.308781785444635,
1715,['1715.png'],0.0,2.678970126330025,
1716,['1716.png'],1.0,1.2644796053728804,
1717,['1717.png'],0.0,0.7639715784076622,
1718,['1718.png'],1.0,3.228081231842013,1.3196028361010668
1719,['1719.png'],1.0,3.025218035784417,
1721,['1721.png'],1.0,4.998896579723517,
1722,['1722.png'],1.0,4.609177198790215,
1723,['1723.png'],1.0,3.760941344954501,
1724,['1724.png'],1.0,1.5275801842397003,
1725,['1725.png'],1.0,4.611368186771525,
1729,['1729.png'],1.0,3.592683219630169,
1730,['1730.png'],0.0,2.1542620243732387,
1731,['1731.png'],1.0,1.879216543511321,
1732,['1732.png'],1.0,3.9770990696366826,
1733,['1733.png'],1.0,4.056388653662399,
1734,['1734.png'],1.0,2.496979797072618,
1735,['1735.png'],1.0,3.181043365822815,
1736,['1736.png'],1.0,2.134158573639738,
1738,['1738.png'],1.0,2.9160499113529235,
1739,['1739.png'],1.0,3.403973381338864,
1740,['1740.png'],1.0,1.7848220422796313,
1741,['1741.png'],0.0,4.1831888556298615,
1742,['1742.png'],1.0,2.863880612839331,
1743,['1743.png'],1.0,3.095804724689357,
1744,['1744.png'],1.0,1.782199668973892,
1745,['1745.png'],1.0,4.262064163279255,
1747,['1747.png'],1.0,1.4067566649549097,
1748,['1748.png'],1.0,3.805426683658831,
1749,['1749.png'],1.0,3.3406936920535064,
1751,['1751.png'],0.0,1.954223469588307,
1752,['1752.png'],1.0,3.5603645733758174,
1753,['1753.png'],0.0,-inf,
1756,['1756.png'],1.0,1.803661954951512,
1757,['1757.png'],1.0,1.3099751514704656,
1758,['1758.png'],1.0,3.811468959406991,
1759,['1759.png'],1.0,1.2967630281062688,
1760,['1760.png'],1.0,3.627868002197809,
1762,['1762.png'],0.0,4.4361862166406505,
1764,['1764.png'],1.0,3.052635226830047,2.738451431885265
1766,['1766.png'],,2.876220459776296,0.8760695046004658
1767,['1767.png'],1.0,3.99042204353245,
1769,['1769.png'],1.0,4.830475017019062,
1773,['1773.png'],0.0,5.465946967928171,
1774,['1774.png'],1.0,2.39417766269664,
1775,['1775.png'],1.0,3.540268704184853,
1778,['1778.png'],0.0,2.729987194533272,
1780,['1780.png'],1.0,1.9357529683084629,
1781,['1781.png'],0.0,2.748253864790831,
1783,['1783.png'],1.0,3.841040770750481,
1788,['1788.png'],1.0,1.542200311662864,
1789,['1789.png'],0.0,3.5385039307289143,
1790,['1790.png'],1.0,2.3731582763942454,
1791,['1791.png'],1.0,3.29495619739724,
1793,['1793.png'],1.0,4.819515343240414,
1794,['1794.png'],1.0,1.6632703343689428,
1795,['1795.png'],1.0,1.0613283887213798,
1796,['1796.png'],1.0,3.629249300621152,
1797,['1797.png'],1.0,5.101732592525187,
1798,['1798.png'],1.0,5.020664659013853,
1800,['1800.png'],1.0,5.519272968277535,
1801,['1801.png'],1.0,3.159896366225688,
1802,['1802.png'],1.0,3.871177874336179,
1803,['1803.png'],1.0,3.193529701323252,
1804,['1804.png'],1.0,3.898664887592944,
1805,['1805.png'],1.0,1.2841696883174314,
1806,['1806.png'],0.0,4.923904595045246,
1807,['1807.png'],1.0,3.172716395270607,
1809,['1809.png'],0.0,4.230584314810323,
1810,['1810.png'],1.0,1.803922139446198,
1812,['1812.png'],1.0,2.0648733465379583,
1813,['1813.png'],1.0,4.062548003173697,
1814,['1814.png'],1.0,2.217360643126615,
1815,['1815.png'],0.0,3.937749186650505,
1816,['1816.png'],1.0,2.4951809181412954,
1817,['1817.png'],1.0,2.2480771882545114,
1818,['1818.png'],1.0,5.112603720824451,
1819,['1819.png'],1.0,3.795293077775785,
1820,['1820.png'],1.0,2.272878297575472,
1821,['1821.png'],1.0,2.8172770569174914,
1822,['1822.png'],1.0,1.4807122687317955,
1824,['1824.png'],0.0,4.998898076512272,
1826,['1826.png'],1.0,1.3079379310603017,
1827,['1827.png'],0.0,1.7338893375928113,
1828,['1828.png'],1.0,3.863200356894535,
1829,['1829.png'],1.0,2.927215910816773,
1830,['1830.png'],1.0,1.7628429133811152,
1831,['1831.png'],1.0,4.549853860914957,
1832,['1832.png'],1.0,4.496664362189941,
1833,['1833.png'],1.0,4.072563834017504,
1835,['1835.png'],1.0,4.348532521130406,
1836,['1836.png'],0.0,4.946174110613112,
1837,['1837.png'],0.0,3.5730896426337884,
1838,['1838.png'],1.0,3.757273615340886,
1840,['1840.png'],1.0,3.231926279007746,
1841,['1841.png'],1.0,2.242123779545147,
1842,['1842.png'],1.0,3.5244165549091355,
1844,['1844.png'],0.0,2.643526016966176,
1845,['1845.png'],1.0,2.926832469505376,
1846,['1846.png'],1.0,-inf,
1847,['1847.png'],1.0,3.021898274018772,
1848,['1848.png'],1.0,1.7240746424726965,
1849,['1849.png'],1.0,5.0088204364340765,4.690514650208655
1851,['1851.png'],1.0,5.168027079721112,
1852,['1852.png'],0.0,3.908831374660021,
1855,['1855.png'],1.0,1.879305280140312,
1856,['1856.png'],1.0,2.6524177024181985,
1858,['1858.png'],1.0,5.117832677451117,
1859,['1859.png'],,4.549952121206988,
1860,['1860.png'],1.0,3.8437955416337632,1.2261520395810832
1861,['1861.png'],1.0,5.158706911963801,
1864,['1864.png'],1.0,4.286780935090103,
1865,['1865.png'],1.0,2.1147289700566363,
1867,['1867.png'],1.0,0.9405359531850132,
1868,['1868.png'],0.0,2.8590762794759708,
1869,['1869.png'],1.0,4.0449932388511,
1870,['1870.png'],0.0,1.6463101268966025,
1873,['1873.png'],1.0,2.2655977754136525,
1874,['1874.png'],1.0,3.2804938372187715,
1875,['1875.png'],1.0,3.4018179336395376,
1877,['1877.png'],1.0,2.5955928903986507,
1879,['1879.png'],1.0,1.3859222423637498,
1881,['1881.png'],1.0,5.883747037443922,
1883,['1883.png'],1.0,3.3781856435362383,
1884,['1884.png'],1.0,2.527930840194234,
1885,['1885.png'],1.0,2.412824298130536,
1887,['1887.png'],1.0,4.952771370026983,
1888,['1888.png'],1.0,1.917252580927881,
1889,['1889.png'],1.0,4.326409287077632,
1891,['1891.png'],1.0,-inf,
1892,['1892.png'],0.0,3.3229180605520074,2.3098560570078592
1893,['1893.png'],1.0,3.219600264122205,
1894,['1894.png'],1.0,4.292741455071098,
1895,['1895.png'],1.0,3.98480481680812,
1896,['1896.png'],1.0,3.670542860844024,
1898,['1898.png'],0.0,4.339207597554866,
1901,['1901.png'],1.0,2.913777469159559,
1903,['1903.png'],1.0,2.8908333170319103,
1904,['1904.png'],1.0,2.3198283751457,
1907,['1907.png'],0.0,4.160071596793806,
1909,['1909.png'],0.0,5.038169329202789,
1910,['1910.png'],1.0,3.551789513256486,
1911,['1911.png'],1.0,3.534841911177418,
1912,['1912.png'],1.0,3.0000816267091026,
1913,['1913.png'],1.0,1.5965871535808076,
1914,['1914.png'],0.0,2.505616001408652,2.077853226412394
1915,['1915.png'],0.0,1.7760435005273685,
1916,['1916.png'],1.0,2.795180708210303,
1917,['1917.png'],1.0,4.274573240218281,2.284472474220395
1918,['1918.png'],0.0,3.616377506640329,
1919,['1919.png'],0.0,1.58105014143924,
1920,['1920.png'],1.0,1.95964917234386,
1921,['1921.png'],0.0,3.412885129824412,
1923,['1923.png'],1.0,4.629870364869669,
1924,['1924.png'],1.0,1.2764634646274606,
1925,['1925.png'],1.0,3.5233421465158177,
1927,['1927.png'],0.0,2.3476719552318985,
1928,['1928.png'],,1.2179863767459072,
1930,['1930.png'],1.0,4.121167783386262,
1931,['1931.png'],1.0,3.438058698642214,
1932,['1932.png'],0.0,4.765407541933252,
1933,['1933.png'],1.0,3.127221601004943,
1934,['1934.png'],1.0,3.0897408148695904,
1935,['1935.png'],0.0,3.3823326264364404,
1936,['1936.png'],1.0,4.277648570565648,
1937,['1937.png'],1.0,1.4178575261264463,
1938,['1938.png'],1.0,1.9427292698363523,
1939,['1939.png'],1.0,1.3403293319824043,
1941,['1941.png'],1.0,3.2092264036410807,
1944,['1944.png'],1.0,3.35714150844383,
1945,['1945.png'],1.0,4.132303766431557,
1946,['1946.png'],0.0,3.903902279104508,
1947,['1947.png'],1.0,4.271130542377052,
1949,['1949.png'],1.0,3.2457543310062453,2.776767859045782
1950,['1950.png'],1.0,0.925921882911155,
1952,['1952.png'],1.0,3.856786775979219,
1953,['1953.png'],0.0,3.316556383282494,
1954,['1954.png'],1.0,0.931445825219946,
1955,['1955.png'],1.0,3.5753657311846974,
1956,['1956.png'],0.0,4.814341633218559,
1957,['1957.png'],1.0,1.3118104460202975,
1958,['1958.png'],1.0,1.5993539343284136,
1959,['1959.png'],1.0,3.6948930582808366,
1960,['1960.png'],1.0,1.807536600524613,
1961,['1961.png'],1.0,2.620049544754478,
1962,['1962.png'],1.0,3.297281240356305,
1963,['1963.png'],1.0,2.075341788564099,
1964,['1964.png'],0.0,1.6074729087506388,
1965,['1965.png'],1.0,4.490006823308626,
1966,['1966.png'],1.0,2.193362702153601,
1968,['1968.png'],1.0,-inf,
1969,['1969.png'],,4.58096237308837,
1970,['1970.png'],1.0,2.854163403738859,
1971,['1971.png'],1.0,2.587944525345199,
1972,['1972.png'],1.0,3.233169924529103,1.905133871964076
1973,['1973.png'],1.0,1.523072081177573,
1974,['1974.png'],1.0,5.1415033035029225,
1976,['1976.png'],1.0,2.63773399868218,
1977,['1977.png'],1.0,3.4191304051111526,
1979,['1979.png'],1.0,1.3609335132368603,1.2875328153548553
1980,['1980.png'],1.0,3.468336736997302,2.6250932214322527
1981,['1981.png'],1.0,3.5059054606275595,
1982,['1982.png'],1.0,2.83987479875312,
1983,['1983.png'],1.0,1.1264700862485038,
1984,['1984.png'],1.0,3.555690155664,
1985,['1985.png'],1.0,4.718425417026572,
1987,['1987.png'],1.0,2.710239914912072,
1988,['1988.png'],1.0,3.604719037111829,
1989,['1989.png'],1.0,3.769714102631199,
1991,['1991.png'],0.0,2.127685791245852,
1992,['1992.png'],1.0,2.456063493068625,1.9079605123127084
1993,['1993.png'],1.0,0.9992428105311724,
1994,['1994.png'],1.0,2.7977099647242007,
1995,['1995.png'],1.0,3.4527878986280944,
1997,['1997.png'],1.0,3.748546814917751,
1998,['1998.png'],0.0,3.597128158168686,
1999,['1999.png'],1.0,3.2457262498565105,
2001,['2001.png'],1.0,4.359512615854085,
